|data
0|https://www.goodreads.com/track/daily_click?pmet_click_tid=AEP_Header_BrowseMenu_TrafficDriver_Click&tid=AEP_Desktop_Header_BrowseEntrypoint&url=https://www.goodreads.com/audible
1|https://www.goodreads.com/author/show/16218.Christopher_Moore
2|https://www.goodreads.com/
3|https://www.facebook.com/Goodreads/
4|https://twitter.com/goodreads
5|https://www.instagram.com/goodreads/
6|https://www.linkedin.com/company/goodreads-com/
7|https://itunes.apple.com/app/apple-store/id355833469?pt=325668&ct=mw_footer&mt=8
8|https://play.google.com/store/apps/details?id=com.goodreads&utm_source=mw_footer&pcampaignid=MKT-Other-global-all-co-prtnr-py-PartBadge-Mar2515-1
9|https://www.goodreads.com/author/show/83082.Gideon_Defoe
10|https://www.goodreads.com/work/editions/41335427-harry-potter-and-the-half-blood-prince
11|https://www.goodreads.com/author/show/1077326.J_K_Rowling
12|https://www.goodreads.com/author/show/2927.Mary_GrandPr_
13|http://harrypotter.scholastic.com
14|https://www.goodreads.com/user/new?remember=true&return_url=%2Fbook%2Fshow%2F1.Harry_Potter_and_the_Half_Blood_Prince
15|https://www.instagram.com/fantasticbooksandwheretofindem/
16|https://emmareadstoomuch.wordpress.com/2017/02/25/harry-potter-and-the-half-blood-prince-review/
17|https://thebookprescription.wordpress.com/2018/08/27/harry-potter-the-half-blood-prince-review/
18|https://www.goodreads.com/author/show/1077326.J_K__Rowling
19|https://www.goodreads.com/user/show/45203704-trixi
20|https://www.goodreads.com/user/show/5014021-katerina
21|http://goo.gl/0y2Lw3
22|http://s1279.photobucket.com/user/Christyb23/media/Book%20Reviews%209/stencil.facebook-post_zpsvss39bzb.jpg.html
23|https://sprinklesofdreams.wordpress.com
24|https://www.bloglovin.com/blogs/sprinkles-dreams-19449885
25|http://sprinklesofdreams.tumblr.com
26|https://www.instagram.com/sprinklesofdreamsx/
27|https://www.depop.com/bookspoils/bookspoils-harry-potter-and-the-half-blood
28|http://bookspoils.com/2018/09/20/review-to-all-the-boys-ive-loved-before/
29|http://bookspoils.com/2018/02/28/parks-and-recreation-book-tag/
30|http://bookspoils.com/2018/03/18/review-fangirl-by-rainbow-rowell-2/
31|http://bookspoils.com/2016/04/08/review-carry-on-by-rainbow-rowell/
32|https://www.amazon.com/gp/product/B00SLS5K6M/ref=as_li_tl?ie=UTF8&camp=1789&creative=9325&creativeASIN=B00SLS5K6M&linkCode=as2&tag=natalie013-20&linkId=bab2025c2064fcadf928fb2c2ba120b3
33|http://www.bookdepository.com?a_aid=bookspoils&a_bid=21478c1a
34|http://Ko-fi.com/bookspoils
35|https://ko-fi.com/bookspoils
36|https://twitter.com/bookspoils
37|http://bookspoils.tumblr.com
38|https://www.instagram.com/bookspoils/
39|https://bookspoils.wordpress.com
40|https://www.goodreads.com/topic/show/19432962-harry-potter-and-the-half-blood-prince
41|https://www.goodreads.com/topic/show/19688946-the-half-blood-prince-2019-discussion
42|https://www.goodreads.com/topic/show/17929267-harry-potter-and-the-half-blood-prince-by-j-k-rowling
43|https://www.goodreads.com/author/show/383606.Robert_Galbraith
44|https://www.goodreads.com/work/editions/21457570-harry-potter-collection-harry-potter-1-6
45|https://www.goodreads.com/user/new?remember=true&return_url=%2Fbook%2Fshow%2F10.Harry_Potter_Collection
46|https://www.goodreads.com/topic/show/19408998-harry-potter
47|https://www.goodreads.com/topic/show/19651274-spoilers
48|https://www.goodreads.com/topic/show/19670727-the-twelve-days-of-christmas-wrap-up
49|https://www.goodreads.com/topic/show/19439194-what-s-your-hogwarts-house
50|https://www.goodreads.com/topic/show/18852259-harry-potter-series-challenge
51|https://www.goodreads.com/work/editions/14898417-it-s-all-about-the-bike-the-pursuit-of-happiness-on-two-wheels
52|https://www.goodreads.com/author/show/3860489.Robert_Penn
53|https://www.goodreads.com/user/new?remember=true&return_url=%2Fbook%2Fshow%2F10003343-it-s-all-about-the-bike
54|http://www.youtube.com/watch?v=ZZtHFxIs6so
55|https://www.goodreads.com/work/editions/96533-happiness-lessons-from-a-new-science
56|https://www.goodreads.com/author/show/56590.Richard_Layard
57|https://www.goodreads.com/user/new?remember=true&return_url=%2Fbook%2Fshow%2F100120.Happiness
58|https://www.youtube.com/playlist?list=PLEVa4_CsRStSBBDo4uJWT8BSWtTTn0N1E
59|http://realini.blogspot.ro/
60|http://www.humanbusiness.eu/happiness-lessons-from-a-new-science/
61|http://mormon.org/plan-of-happiness/
62|http://www.bookmarksmagazine.com
63|https://www.goodreads.com/work/editions/96571-the-luck-factor-changing-your-luck-changing-your-life---the-four-esse
64|https://www.goodreads.com/author/show/57795.Richard_Wiseman
65|https://www.goodreads.com/user/new?remember=true&return_url=%2Fbook%2Fshow%2F100158.The_Luck_Factor
66|http://contests.about.com/od/reviewsrecomendations/fr/theluckfactor.htm
67|http://contests.about.com/bio/Sandra-Grauschopf-27105.htm
68|https://www.goodreads.com/work/editions/6372533-when-everything-changed-the-amazing-journey-of-american-women-from-1960
69|https://www.goodreads.com/author/show/53959.Gail_Collins
70|https://www.goodreads.com/user/new?remember=true&return_url=%2Fbook%2Fshow%2F10021788-when-everything-changed
71|https://www.goodreads.com/work/editions/7263796-from-the-grounds-up
72|https://www.goodreads.com/author/show/14112.Sandra_Balzo
73|https://www.goodreads.com/user/new?remember=true&return_url=%2Fbook%2Fshow%2F10024633-from-the-grounds-up
74|https://www.facebook.com/SandraBalzoMysteries
75|http://pinterest.com/sandrabalzo/
76|https://www.goodreads.com/work/editions/6674845-clockwork-prince
77|http://www.goodreads.com/reader/13840-clockwork-prince?return_to=%2Fbook%2Fshow%2F10025305-clockwork-prince
78|https://www.goodreads.com/author/show/150038.Cassandra_Clare
79|https://www.goodreads.com/user/new?remember=true&return_url=%2Fbook%2Fshow%2F10025305-clockwork-prince
80|https://youtu.be/xL85QtJjUqE
81|http://www.youtube.com/watch?v=v9ZVIAbDr_w
82|http://geekybookie.tumblr.com/
83|https://www.goodreads.com/review/show/1041616174
84|https://hitormissbooks.wordpress.com/
85|https://www.youtube.com/c/LolaReviewer
86|https://plus.google.com/u/0/105021852309973899120/posts
87|https://www.bloglovin.com/blogs/hit-miss-books-12564715
88|http://backinthemidnightgarden.blogspot.com/2011/11/clockwork-prince-review_26.html
89|https://www.goodreads.com/user/show/42163117-emma
90|https://www.goodreads.com/user/show/54570527-kav-xreadingsolacex
91|https://thebookishactress.wordpress.com
92|https://www.goodreads.com/user/show/52545435
93|https://twitter.com/jespergayhey
94|http://www.youtube.com/channel/UCVIY_GxZIuclzsIw9CLSe3g
95|http://cuddlebuggery.com
96|https://www.goodreads.com/review/show/1531344429
97|https://www.goodreads.com/review/show/1531343392?book_show_action=false&from_review_page=1
98|https://www.goodreads.com/review/show/2144450932?book_show_action=false&from_review_page=1
99|https://www.goodreads.com/review/show/2144450948?book_show_action=false&from_review_page=1
100|https://www.goodreads.com/review/show/2144450962
101|http://www.123glitter.com
102|http://www.cassandraclare.com/my-writing/excerpts-extras/moonlight/
103|https://www.goodreads.com/review/show/2008644944
104|https://www.goodreads.com/review/show/2373838717
105|https://www.goodreads.com/review/show/2463489480
106|https://www.goodreads.com/review/show/2465856942
107|https://www.goodreads.com/review/show/2489169365
108|https://www.instagram.com/meltotheany/
109|https://www.goodreads.com/review/show/2526157370
110|https://meltotheany.wordpress.com/
111|https://www.twitter.com/meltotheany
112|http://meltotheany.tumblr.com/
113|https://www.youtube.com/channel/UC4RbHEg_fH6CewJrh_0xJ9g
114|http://www.twitch.tv/meltotheany
115|https://www.goodreads.com/user/show/13507409-amy
116|https://acourtofcrownsandquills.wordpress.com/
117|http://www.youtube.com/watch?v=zFTNl5sQBW0
118|http://media.photobucket.com/image/fangirl%20gif/Amaya_Harai/lC3eU.gif?o=6
119|http://ironfey.wikia.com/wiki/Ashallyn%27_darkmyr_Tallyn
120|http://media.photobucket.com/image/cut%20you%20gifs/majere616/GIFs/tumblr_lo6nx7oriq1qadhwp.gif?o=2
121|http://assortedinsanityreviewers.blogspot.com
122|https://www.goodreads.com/user/show/46651661-solomon-the-bookish-king
123|http://melissa413readsalot.blogspot.com/2016/05/clockwork-prince-by-cassandra-clare.html
124|https://www.goodreads.com/review/show/1164387568?book_show_action=false&from_review_page=1
125|https://www.goodreads.com/review/show/1164387572?book_show_action=false&from_review_page=1
126|https://www.goodreads.com/review/show/1164387578?book_show_action=false&from_review_page=1
127|https://www.goodreads.com/topic/show/19518191-clockwork-prince-feb-5-2019
128|https://www.goodreads.com/topic/show/19678836-buddy-read---clockwork-prince
129|https://www.goodreads.com/topic/show/19212568-clockwork-prince
130|https://www.goodreads.com/topic/show/19190974-the-infernal-devices-2-clockwork-prince-by-cassandra-clare----restart
131|https://www.goodreads.com/videos/18955-clockwork-prince
132|https://www.goodreads.com/videos/17352-special-message-from-cassandra
133|http://www.cassandraclare.com
134|http://cassandraclare.livejournal.com/
135|http://www.facebook.com/Cassandraclare
136|http://www.twitter.com/cassieclare
137|https://www.goodreads.com/group/show/37113.Q_A_with_Cassandra_Clare
138|https://www.goodreads.com/work/editions/14928278-the-language-of-flowers
139|https://www.goodreads.com/author/show/4537214.Vanessa_Diffenbaugh
140|https://www.goodreads.com/user/new?remember=true&return_url=%2Fbook%2Fshow%2F10032672-the-language-of-flowers
141|https://www.goodreads.com/author/show/566874.Sarah_Addison_Allen
142|https://www.goodreads.com/author/show/3119823.Kirsty_Eagar
143|https://www.goodreads.com/author/show/47104.Melina_Marchetta
144|http://www.dramacrazy.net/japanese-movie/oto-na-ri/
145|http://www.cinemablend.com/new/Jenny-Lumet-Translate-Language-Flowers-29233.html
146|http://www.illuminated-books.com/books/flowers.htm
147|http://www.flickr.com/photos/peacockmodern/3098586162/in/faves-40353364@N08/
148|https://www.goodreads.com/author/show/45915.Joshilyn_Jackson
149|https://www.goodreads.com/author/show/625.Nora_Roberts
150|https://www.goodreads.com/topic/show/19658949-the-language-of-flowers-by-vanessa-diffenbaugh
151|https://www.goodreads.com/topic/show/18382629-language-of-flowers-discussion
152|https://www.goodreads.com/videos/15119-vanessa-diffenbaugh-on-the-language-of-flowers
153|https://www.goodreads.com/videos/26115-goodreads-live-with-vanessa-diffenbaugh
154|http://facebook.com/vanessadiffenbaugh
155|https://www.goodreads.com/work/editions/431388-the-second-sun-the-great-and-terrible-3
156|https://www.goodreads.com/author/show/99356.Chris_Stewart
157|https://www.goodreads.com/user/new?remember=true&return_url=%2Fbook%2Fshow%2F10062798-the-second-sun
158|https://www.goodreads.com/work/editions/3528228-clear-as-the-moon-the-great-and-terrible-6
159|https://www.goodreads.com/user/new?remember=true&return_url=%2Fbook%2Fshow%2F10062800-the-great-and-terrible-vol-6
160|https://www.goodreads.com/work/editions/14366-consider-phlebas
161|https://www.goodreads.com/author/show/5807106.Iain_M_Banks
162|https://www.goodreads.com/user/new?remember=true&return_url=%2Fbook%2Fshow%2F100700.Consider_Phlebas
163|http://en.wikipedia.org/wiki/Macguffin
164|http://en.wikipedia.org/wiki/Shaggy_dog_story
165|http://scriptshadow.blogspot.com/2011/05/temporary-aliens-re-post.html
166|http://en.wikipedia.org/wiki/Noble_savage
167|https://www.goodreads.com/review/show/1195080
168|https://www.goodreads.com/review/show/250323657
169|http://s181.photobucket.com/albums/x150/markmonday/?action=view&current=scarymeetsbaby.jpg
170|http://heradas.com/2018/06/consider-phlebas-by-iain-m-banks-peripheral-storytelling-and-the-politics-of-genre/
171|http://heradas.com/2018/06/iain-m-banks-culture-series-caledonian-antisyzygy-and-the-principle-of-charity/
172|https://en.wikipedia.org/wiki/Space_opera
173|https://en.wikipedia.org/wiki/Picaresque_novel
174|https://amzn.to/2MxUrqc
175|https://amzn.to/2tf6Ber
176|https://amzn.to/2MwXj6s
177|https://amzn.to/2t3vydL
178|https://amzn.to/2MxVeaE
179|https://amzn.to/2sYyUib
180|https://amzn.to/2JvkLPD
181|https://amzn.to/2t20mvd
182|https://amzn.to/2JIVBBr
183|https://amzn.to/2thmMIh
184|https://amzn.to/2tfI09k
185|https://amzn.to/2t2XCho
186|https://en.wikipedia.org/wiki/Caledonian_Antisyzygy
187|https://amzn.to/2JumlBc
188|http://en.wikipedia.org/wiki/Technological_singularity
189|https://www.goodreads.com/author/show/51204.Alastair_Reynolds
190|https://www.goodreads.com/series/49118-culture
191|https://www.goodreads.com/author/show/5807106.Iain_M__Banks
192|https://www.goodreads.com/author/show/7628.Iain_Banks
193|https://verox11.deviantart.com/art/Unaha-Closp-Culture-Drone-135187558
194|http://www.vavatch.co.uk/books/banks/cultnote.htm
195|https://www.goodreads.com/review/show/145210672
196|https://www.goodreads.com/review/show/136992238
197|https://www.goodreads.com/review/show/137003420
198|https://www.goodreads.com/review/show/142587610
199|https://manuelaantao.blogspot.pt/2017/07/post-scarcity-society-consider-phlebas.html
200|https://www.goodreads.com/review/show/105193525
201|http://www.fantasyliterature.com
202|https://www.goodreads.com/topic/show/590502-consider-phlebas---final-thoughts-spoilers
203|https://www.goodreads.com/topic/show/566871-consider-phlebas---first-impressions-no-spoilers
204|https://www.goodreads.com/topic/show/19456655-broken-cover-link
205|https://www.goodreads.com/topic/show/19397265-consider-phlebas---iain-m-banks
206|https://www.goodreads.com/topic/show/18823289-consider-phlebas-by-iain-m-banks---4-4-stars
207|https://www.goodreads.com/topic/show/18422388-consider-phlebas-overall-discussion-spoilers
208|https://www.goodreads.com/topic/show/18406005-consider-phlebas---january-february-2017
209|https://www.goodreads.com/work/editions/993991-more-than-night-film-noir-in-its-contexts
210|https://www.goodreads.com/author/show/67903.James_Naremore
211|https://www.goodreads.com/user/new?remember=true&return_url=%2Fbook%2Fshow%2F1007865.More_than_Night
212|https://www.goodreads.com/work/editions/690145-the-yes-of-jesus-christ-exercises-in-faith-hope-and-love
213|https://www.goodreads.com/author/show/4905855.Benedict_XVI
214|https://www.goodreads.com/user/new?remember=true&return_url=%2Fbook%2Fshow%2F10083607-auf-christus-schauen
215|https://www.goodreads.com/author/show/4443885._the_Catholic_Church
216|https://www.goodreads.com/author/show/7034628.Pope_Francis
217|https://www.goodreads.com/author/show/121091.Pope_Paul_VI
218|https://www.goodreads.com/author/show/6473881.Pope_John_Paul_II
219|https://www.ewtn.com/library/Theology/zratzfound.htm
220|https://www.goodreads.com/work/editions/14984800-all-things-shining-reading-the-western-classics-to-find-meaning-in-a-se
221|https://www.goodreads.com/author/show/30234.Hubert_L_Dreyfus
222|https://www.goodreads.com/author/show/4549232.Sean_Dorrance_Kelly
223|http://www.nybooks.com/articles/archives/2011/apr/07/superficial-sublime/
224|https://www.goodreads.com/user/new?remember=true&return_url=%2Fbook%2Fshow%2F10087892-all-things-shining
225|http://www.yelp.com/biz/the-elliott-bay-book-company-seattle
226|http://www.people.fas.harvard.edu/~sdkelly/
227|http://en.wikipedia.org/wiki/The_World_Until_Yesterday
228|http://en.wikipedia.org/wiki/List_of_cognitive_biases
229|http://en.wikipedia.org/wiki/Girls_(TV_series)
230|http://www.nytimes.com/2006/08/20/sports/playmagazine/20federer.html?pagewanted=all&_r=0
231|http://www.flickr.com/photos/oso/5844420248/
232|https://archive.org/details/Philosophy_6_Spring_2007_UC_Berkeley
233|https://www.goodreads.com/author/show/499211.Jacques_Philippe
234|http://www.GoodReadingGuide.com
235|https://www.goodreads.com/videos/29396-conversations-with-history---hubert-dreyfus-and-sean-dorrance-kelly
236|https://www.goodreads.com/work/editions/14987308-the-wanted-our-story-our-way-100-official
237|https://www.goodreads.com/author/show/4549916.The_Wanted
238|https://www.goodreads.com/user/new?remember=true&return_url=%2Fbook%2Fshow%2F10090358-the-wanted
239|https://www.goodreads.com/work/editions/14992169-die-buying-a-mall-cop-mystery-1
240|https://www.goodreads.com/author/show/3463703.Laura_DiSilverio
241|https://www.goodreads.com/user/new?remember=true&return_url=%2Fbook%2Fshow%2F10095135-die-buying
242|https://www.goodreads.com/work/editions/15000061-anatomy-of-a-disappearance
243|https://www.goodreads.com/author/show/35807.Hisham_Matar
244|https://www.goodreads.com/user/new?remember=true&return_url=%2Fbook%2Fshow%2F10102881-anatomy-of-a-disappearance
245|http://oldfashionedreader.blogspot.com/2011/08/anatomy-of-disappearance-novel-by.html
246|https://www.goodreads.com/author/show/737890.Steve_West
247|https://roar.media/bangla/main/book-movie/anatomy-of-a-disappearance-review/
248|https://www.goodreads.com/topic/show/886301-matar-anatomy-of-a-disappearance-cl-first-read-may-2012
249|https://www.goodreads.com/work/editions/1096-the-long-dark-tea-time-of-the-soul
250|https://www.goodreads.com/author/show/4.Douglas_Adams
251|https://www.goodreads.com/author/show/4471191.Jana_Hollanov_
252|https://www.goodreads.com/author/show/4724387.Pavel_R_t
253|https://www.goodreads.com/user/new?remember=true&return_url=%2Fbook%2Fshow%2F10111972-dlouh-temn-as-sva-iny-du-e
254|https://www.goodreads.com/author/show/1221698.Neil_Gaiman
255|https://www.goodreads.com/author/show/1654.Terry_Pratchett
256|https://www.goodreads.com/topic/show/19200235-the-long-dark-tea-time-of-the-soul
257|https://www.goodreads.com/topic/show/886228-douglas-adams-long-dark-tea-time-of-the-soul
258|https://www.goodreads.com/work/editions/15015753-spellbound
259|https://www.goodreads.com/author/show/4556932.Cara_Lynn_Shultz
260|https://www.goodreads.com/user/new?remember=true&return_url=%2Fbook%2Fshow%2F10118172-spellbound
261|http://www.thebooklantern.com/2011/05/10-things-i-learned-about-high-school.html
262|http://rainydayramblings.typepad.com/
263|http://www.smexybooks.com/2011/07/review-spellbound-by-cara-lynn-shultz.html
264|http://longandshortreviews.blogspot.com/2011/06/spellbound-by-cara-lynn-shultz.html
265|https://www.goodreads.com/topic/show/18296380-crawford-review-5-spellbound
266|https://www.goodreads.com/topic/show/17899688-solved-teen-romance-fantasy-book-with-past-life-lovers-s
267|https://www.goodreads.com/topic/show/2070620-spellbound
268|https://www.goodreads.com/topic/show/1682853-spellbound
269|https://www.goodreads.com/topic/show/1504885-the-spellbound-series-by-cara-lynn-shultz---starting-october-17th
270|https://www.goodreads.com/topic/show/652745-spellbound-sept-bam
271|http://Facebook.com/CaraLShultz
272|https://www.goodreads.com/work/editions/15021166-hell-on-high-seas---amazing-stories-of-survival-against-the-odds
273|https://www.goodreads.com/author/show/437558.Rob_Mundle
274|https://www.goodreads.com/user/new?remember=true&return_url=%2Fbook%2Fshow%2F10123409-hell-on-high-seas
275|https://www.goodreads.com/work/editions/17778410-das-schlo
276|https://www.goodreads.com/author/show/5223.Franz_Kafka
277|https://www.goodreads.com/author/show/162942.Mark_Harman
278|https://www.goodreads.com/user/new?remember=true&return_url=%2Fbook%2Fshow%2F1012959.The_Castle
279|https://www.goodreads.com/review/list/1199525-cecily?format=html&order=a&shelf=kafka
280|https://www.goodreads.com/topic/show/19129804
281|https://www.goodreads.com/topic/show/19178020-the-castle-by-franz-kafka
282|https://www.goodreads.com/topic/show/19359135-the-castle-franz-kafka-5-stars
283|https://www.goodreads.com/topic/show/18011557-the-castle-by-kafka-thread-2-from-ch-2-barnabas-to-ch-6-2nd-convers
284|https://www.goodreads.com/author/show/1461.Flaubert
285|https://www.goodreads.com/author/show/13004.Max_Brod
286|https://www.goodreads.com/author/show/1946467.Felix_Weltsch
287|https://www.goodreads.com/work/editions/15027948-pretty-bones
288|https://www.goodreads.com/author/show/4560070.Aya_Tsintziras
289|https://www.goodreads.com/user/new?remember=true&return_url=%2Fbook%2Fshow%2F10130083-pretty-bones
290|http://ayatsintziras.com/2011/04/the-story-behind-the-story/
291|http://astormofwords.net/2011/10/11/review-pretty-bones-by-aya-tsintziras/
292|https://www.goodreads.com/work/editions/15032787-meet-me-at-the-cupcake-caf
293|https://www.goodreads.com/author/show/39272.Jenny_Colgan
294|https://www.goodreads.com/user/new?remember=true&return_url=%2Fbook%2Fshow%2F10134852-meet-me-at-the-cupcake-caf
295|https://www.jennycolgan.com/category/recipes/
296|http://reabookreview.blogspot.com
297|https://www.goodreads.com/topic/show/982058-8-2012-meet-at-the-c-c-cafe-chapters-16--end
298|https://www.goodreads.com/topic/show/980881-8-2012-meet-at-the-c-c-cafe-chapters-11-15
299|https://www.goodreads.com/topic/show/979632-8-2012-meet-at-the-c-c-cafe-chapters-6-10
300|https://www.goodreads.com/topic/show/975573-8-2012-meet-at-the-c-c-cafe-chapters-1-5
301|https://www.goodreads.com/topic/show/977475-8-2012-meet-at-the-c-c-cafe-spoiler-thread
302|https://www.goodreads.com/author/show/7914032.Jenny_T_Colgan
303|https://www.goodreads.com/work/editions/15035866-the-rithmatist
304|https://www.goodreads.com/author/show/38550.Brandon_Sanderson
305|https://www.goodreads.com/author/show/7561075.Ben_McSweeney
306|http://brandonsanderson.com/books/the-rithmatist/the-rithmatist/
307|https://www.goodreads.com/user/new?remember=true&return_url=%2Fbook%2Fshow%2F10137823-the-rithmatist
308|https://gifyu.com/image/LK95
309|https://brandonsanderson.com/state-of-the-sanderson-2016/
310|http://www.nikihawkes.com
311|http://bookandsword.net 
312|https://www.instagram.com/book_and_sword/
313|https://bookandswordblog.wordpress.com
314|https://www.goodreads.com/user/show/48780241-alexandra-elend-wolf
315|https://www.goodreads.com
316|https://www.goodreads.com/topic/show/19386052-the-rithmatist-july-25-2018
317|https://www.goodreads.com/topic/show/19257161-el-rithmatista---2-bimestre-18-mar-may
318|https://www.goodreads.com/topic/show/14559537-the-rithmatist-rithmatist-1-by-brandon-sanderson---restarting-march
319|https://www.goodreads.com/topic/show/19112160-november-reading-assignment
320|https://www.goodreads.com/topic/show/19112161-november-reading-assignment
321|https://www.goodreads.com/videos/45337-the-rithmatist-by-brandon-sanderson
322|https://www.goodreads.com/author/show/10333.Barbara_Hambly
323|https://www.goodreads.com/author/show/6252.Robert_Jordan
324|https://www.goodreads.com/work/editions/15036277-flavia-and-her-artists
325|https://www.goodreads.com/author/show/881203.Willa_Cather
326|https://www.goodreads.com/user/new?remember=true&return_url=%2Fbook%2Fshow%2F10138217-flavia-and-her-artists
327|https://www.goodreads.com/work/editions/15047924-circle-of-cranes
328|https://www.goodreads.com/author/show/417649.Annette_LeBox
329|https://www.goodreads.com/user/new?remember=true&return_url=%2Fbook%2Fshow%2F10149597-circle-of-cranes
330|http://www.annettelebox.com
331|https://kissthebook.blogspot.com/
332|http://pagesunbound.wordpress.com/2012/08/06/circle-of-cranes-by-annette-lebox/
333|http://scriptsource.org/cms/scripts/page.php?item_id=script_detail&key=Nshu
334|https://www.savingcranes.org/cao-hai-project/
335|https://www.good.is/articles/ethical-style-there-are-still-sweatshops-in-america
336|https://eatdrinkreadlisten.blogspot.ca
337|http://www.examiner.com/young-adult-fiction-in-chicago/review-of-circle-of-cranes-by-annette-lebox-review#ixzz1s2npOhKQ
338|https://www.goodreads.com/work/editions/1008846-13-little-blue-envelopes
339|https://www.goodreads.com/author/show/10317.Maureen_Johnson
340|https://www.goodreads.com/user/new?remember=true&return_url=%2Fbook%2Fshow%2F10150258-13-little-blue-envelopes
341|http://olivia-savannah.blogspot.com.es/2017/07/13-little-blue-envelopes-book-review.html
342|http://theyabooklover.blogspot.com.au/
343|http://photobucket.com/images/Passport%20Europe
344|http://www.goodbooksandgoodwine.com/2009/08/review-of-13-little-blue-envelopes-by-maureen-johnson.html
345|https://candidcover.net/2018/08/27/series-review-little-blue-envelopes/
346|https://www.goodreads.com/work/editions/15066217
347|https://www.goodreads.com/author/show/4569244._
348|https://www.goodreads.com/user/new?remember=true&return_url=%2Fbook%2Fshow%2F10167475
349|https://www.goodreads.com/videos/36748
350|https://www.goodreads.com/work/editions/98029-the-chronicles-of-narnia-bloom-s-modern-critical-interpretations
351|https://www.goodreads.com/author/show/236.Harold_Bloom
352|https://www.goodreads.com/user/new?remember=true&return_url=%2Fbook%2Fshow%2F101680.C_S_Lewis_s_The_Chronicles_of_Narnia
353|https://www.goodreads.com/work/editions/47457797-the-voyage-of-the-dawn-treader-radio-theatre-s-chronicles-of-narnia-5
354|https://www.goodreads.com/author/show/61723.Paul_McCusker
355|https://www.goodreads.com/author/show/1069006.C_S_Lewis
356|https://www.goodreads.com/user/new?remember=true&return_url=%2Fbook%2Fshow%2F101702.The_Voyage_of_the_Dawn_Treader
357|https://www.goodreads.com/work/editions/15074968-harrison-bergeron
358|https://www.goodreads.com/author/show/2778055.Kurt_Vonnegut
359|http://www.tnellen.com/cybereng/harrison.html
360|https://www.goodreads.com/user/new?remember=true&return_url=%2Fbook%2Fshow%2F10176119-harrison-bergeron
361|https://imgur.com/NDSKba5
362|https://imgur.com/1f6B8fS
363|http://www2.ljworld.com/news/2005/may/05/vonnegut_lawyers_could/
364|http://caselaw.findlaw.com/us-supreme-court/532/661.html#section1
365|https://afremov.com/WHITE-SWAN-Palette-knife-Oil-Painting-on-Canvas-by-Leonid-Afremov-Size-24-x30.html
366|http://www.workersliberty.org/node/8232
367|https://www.goodreads.com/topic/show/19701336-harrison-bergeron-by-kurt-vonnegut-jr
368|https://www.goodreads.com/topic/show/19473806-harrison-bergeron-dystopian
369|https://www.goodreads.com/work/editions/15086278-there-but-for-the
370|https://www.goodreads.com/author/show/68992.Ali_Smith
371|https://www.goodreads.com/user/new?remember=true&return_url=%2Fbook%2Fshow%2F10187223-there-but-for-the
372|http://theorwellprize.co.uk/george-orwell/by-orwell/essays-and-other-works/reflections-on-gandhi/
373|https://www.goodreads.com/author/show/25573.Stefan_Zweig
374|https://www.goodreads.com/author/show/45712.Katherine_Mansfield
375|https://www.goodreads.com/author/show/77318.John_Donne
376|https://www.goodreads.com/author/show/947.William_Shakespeare
377|http://www.gutenberg.org/ebooks/11231
378|http://www.bartleby.com/73/148.html
379|http://www.poemhunter.com/best-poems/wallace-stevens/the-man-on-the-dump/
380|https://www.goodreads.com/topic/show/1943285-there-but-for-the---ali-smith---fionnuala
381|https://www.goodreads.com/work/editions/13479034-department-19
382|https://www.goodreads.com/author/show/590558.Will_Hill
383|https://www.goodreads.com/user/new?remember=true&return_url=%2Fbook%2Fshow%2F10187639-department-19
384|https://www.goodreads.com/author/show/6988.Bram_Stoker
385|http://www.fictionvixen.com/2011/05/review-department-nineteen-by-will-hill.html
386|http://blog4aleshanee.blogspot.de/2015/03/department-19-die-mission.html
387|https://www.goodreads.com/topic/show/1102975-department-nineteen
388|https://www.goodreads.com/topic/show/1098750-first-book-decided
389|https://www.goodreads.com/videos/38931-the-story-behind-department-19
390|https://www.goodreads.com/videos/40438-the-loop
391|https://www.goodreads.com/work/editions/16930106-the-dragonbone-chair-part-1
392|https://www.goodreads.com/author/show/6587.Tad_Williams
393|https://www.goodreads.com/author/show/6430435._
394|https://www.goodreads.com/author/show/656983.J_R_R__Tolkien
395|https://www.goodreads.com/user/new?remember=true&return_url=%2Fbook%2Fshow%2F10188714
396|http://librosdeolethros.blogspot.com.co/2016/07/el-trono-de-huesos-de-dragon-tad.html
397|https://www.goodreads.com/work/editions/15093325-shadow-and-bone
398|https://www.goodreads.com/author/show/4575289.Leigh_Bardugo
399|https://www.goodreads.com/user/new?remember=true&return_url=%2Fbook%2Fshow%2F10194157-shadow-and-bone
400|http://www.mirandareads.com
401|https://www.instagram.com/miranda.reads/?hl=en
402|https://twitter.com/Miranda_Reads
403|https://www.goodreads.com/author/show/338705.Catherynne_M__Valente
404|http://cuddlebuggery.com/2012/06/author-interview-with-leigh-bardugo-and-giveaway/
405|http://www.leighbardugo.com/ravkamap/
406|http://thebookgeek.co.uk/
407|http://www.youtube.com/watch?v=fnmBpFSM5jw
408|https://www.facebook.com/SteamyReadsBlog/
409|https://www.instagram.com/steamyreads/
410|http://steamyreads.net/youtube/
411|http://www.steamyreads.net
412|http://lbardugo.tumblr.com/post/60209445492/chrysalisgrey-my-power-is-yours-and-yours-is
413|https://deadline.com/2019/01/netflix-orders-shadow-and-bone-series-leigh-bardugo-grishaverse-fantasy-novels-1202532783/
414|https://open.spotify.com/user/brilia/playlist/38l294WPXicHHkRWiaemNG
415|http://www.herbookishthings.com
416|https://www.instagram.com/reverieandink/
417|https://twitter.com/reverieandink
418|https://www.etsy.com/shop/reverieandink
419|http://www.bookbastion.net
420|https://www.goodreads.com/user/show/47207032-chelsea-humphrey
421|http://s59.photobucket.com/user/ashleeporte/media/1caffddcbcf2b4bb8b4a9d9bf5164c82.jpg.html
422|http://s59.photobucket.com/user/ashleeporte/media/AHAHAHA.gif.html
423|http://s59.photobucket.com/user/ashleeporte/media/tumblr_md5jwzeHxI1r53dllo1_400_zps37fb1c50-1.gif.html
424|http://s59.photobucket.com/user/ashleeporte/media/tumblr_m5h4r4uERF1r3zat8_zpsf0e3d550.gif.html
425|http://s59.photobucket.com/user/ashleeporte/media/tumblr_m89dpiiHHO1r66u20o1_500.gif.html
426|https://www.goodreads.com/review/show/1975585683
427|https://www.goodreads.com/review/show/1837776030
428|https://www.goodreads.com/review/show/1976067616
429|https://www.goodreads.com/review/show/1837776038
430|https://www.goodreads.com/review/show/1837776045
431|http://s1036.photobucket.com/user/Faeriefreak/media/IMG_20190111_053509_zpslbet8er6.jpeg.html
432|http://melissa413readsalot.blogspot.com/2017/04/shadow-and-bone-by-leigh-bardugo.html
433|https://www.goodreads.com/topic/show/19605580-the-grishaverse-series-by-leigh-bardugo---restarting-march-11th-2019
434|https://www.goodreads.com/topic/show/19742085-shadow-and-bone-discussion-area
435|https://www.goodreads.com/topic/show/19727618-cindy-iii-kaitlynn---grisha-trilogy
436|https://www.goodreads.com/topic/show/19716147-february-2019-shadow-and-bone-by-leigh-bardugo
437|https://www.goodreads.com/videos/22919-shadow-and-bone-trailer
438|http://http//leighbardugo.com/contact/
439|http://twitter.com/Lbardugo
440|http://leighbardugo.com
441|http://instagram.com/lbardugo/7
442|https://www.goodreads.com/work/editions/15093395-storybound
443|https://www.goodreads.com/author/show/4575301.Marissa_Burt
444|http://marissaburt.wordpress.com/about-the-tale-of-una-fairchild/
445|https://www.goodreads.com/user/new?remember=true&return_url=%2Fbook%2Fshow%2F10194224-storybound
446|http://bookstakeyouplaces.blogspot.com/2012/04/storybound.html
447|http://bookalicious.org/2012/03/review-storybound-by-marissa-burt/
448|http://wordspelunking.blogspot.com
449|http://bunburyinthestacks.com/2012/07/13/review-storybound-by-marissa-burt/
450|http://www.flyleafreview.com
451|http://www.flyleafreview.com/2012/03/book-review-storybound-by-marissa-burt.html
452|http://rondoofpossibleworld.blogspot.com
453|https://www.goodreads.com/topic/show/2349298-storybound
454|https://www.goodreads.com/videos/22152-best-fairy-tale-villain-award
455|https://www.goodreads.com/videos/22151-storybound-inspiration
456|https://www.goodreads.com/work/editions/15093724-ditched-a-love-story
457|https://www.goodreads.com/author/show/4575379.Robin_Mellom
458|http://tehranjobs.net/
459|https://www.goodreads.com/user/new?remember=true&return_url=%2Fbook%2Fshow%2F10194548-ditched
460|http://www.thegrammariansreviews.blogspot.com
461|http://bookilyeverafter.weebly.com
462|http://smallreview.blogspot.com/2012/01/book-review-ditched-by-robin-mellom.html
463|http://smallreview.blogspot.com/2010/11/star-rating-key.html
464|http://nicksbookblog93.blogspot.com/
465|http://pinkpolkadotbookblog.blogspot.com
466|http://bookstobrightenyourmood.blogspot.com/
467|http://sarahliveslovesreads.blogspot.com
468|https://www.goodreads.com/topic/show/1923915-ditched-by-robin-mellom-start-date-july-26-2014
469|http://www.robinmellom.com
470|https://www.goodreads.com/work/editions/15093808-spies-and-prejudice
471|https://www.goodreads.com/author/show/4575398.Talia_Vance
472|https://www.goodreads.com/user/new?remember=true&return_url=%2Fbook%2Fshow%2F10194632-spies-and-prejudice
473|http://www.youtube.com/watch?v=uCqJkgYoACo
474|http://wp.me/p18lIL-1OJ
475|http://yalbookbriefs.blogspot.com/2013/07/spies-and-prejudice-talia-vance.html
476|https://www.goodreads.com/work/editions/1005828-the-rough-guide-to-film-noir-rough-guides-reference-titles
477|https://www.goodreads.com/author/show/523.Rough_Guides
478|https://www.goodreads.com/user/new?remember=true&return_url=%2Fbook%2Fshow%2F1019704.The_Rough_Guide_to_Film_Noir_1
479|https://www.goodreads.com/work/editions/15109834-cozinha-tradicional-portuguesa
480|https://www.goodreads.com/author/show/1907814.Maria_de_Lourdes_Modesto
481|https://www.goodreads.com/author/show/1858231.Ant_nio_Manuel_Couto_Viana
482|https://www.goodreads.com/user/new?remember=true&return_url=%2Fbook%2Fshow%2F10210387-cozinha-tradicional-portuguesa
483|https://www.goodreads.com/work/editions/98535-a-history-of-israel-from-the-rise-of-zionism-to-our-time-second-editio
484|https://www.goodreads.com/author/show/3860590.Howard_M_Sachar
485|https://www.goodreads.com/user/new?remember=true&return_url=%2Fbook%2Fshow%2F102195.A_History_of_Israel
486|https://www.goodreads.com/work/editions/13361916-notorious-pleasures
487|https://www.goodreads.com/author/show/16202.Elizabeth_Hoyt
488|https://www.goodreads.com/user/new?remember=true&return_url=%2Fbook%2Fshow%2F10220608-notorious-pleasures
489|https://www.goodreads.com/review/show/228311272
490|http://en.wikipedia.org/wiki/Gin_Craze
491|http://inthehammockblog.blogspot.com
492|http://www.theromancereviews.com/viewbooksreview.php?bookid=1253
493|https://www.goodreads.com/topic/show/18071504-notorious-pleasures-book-2
494|https://www.goodreads.com/topic/show/18082236-heroines-engaged-to-men-who-are-not-the-heroes----your-opinions
495|https://www.goodreads.com/topic/show/2091131-historical-series-group-read--maiden-lane-2--notorious-pleasures
